{
    "FirstTeam": {
        "Name": "المحاش تحت 23 سنة",
        "Logo": "https://sporent.net/public/images/966759703.png",
        "Gol": 4,
        "GoalsDetails": [
            {
                "Name": "ثامر بن عيد",
                "Image": "https://sporent.net/public/images/1525566740.png",
                "Time": "75:0"
            },
            {
                "Name": "فهد سطام البلوي",
                "Image": "https://sporent.net/public/images/1902758316.png",
                "Time": "75:0"
            },
            {
                "Name": "بندر فالح البلوي",
                "Image": "https://sporent.net/public/images/1080775775.png",
                "Time": "75:0"
            },
            {
                "Name": "محمد لويفي الجهني",
                "Image": "https://sporent.net/public/images/",
                "Time": "75:0"
            }
        ]
    },
    "SecondTeam": {
        "Name": "الاسكان تحت 23 سنة",
        "Logo": "https://sporent.net/public/images/askan_logo.jpg",
        "Gol": 2,
        "GoalsDetails": [
            {
                "Name": "عامر عواد البلوي",
                "Image": "https://sporent.net/public/images/459708644.png",
                "Time": "75:0"
            },
            {
                "Name": "سلطان ناجح العنزي",
                "Image": "https://sporent.net/public/images/1850653816.png",
                "Time": "75:0"
            }
        ]
    }
}
