{
    "Championship": [
        {
            "Topic": "المجموعة (A)",
            "Type": "Group",
            "Teams": [
                {
                    "Name": "اكاديمية النادي",
                    "Logo": "https://sporent.net/public/images/1006481099.png",
                    "Play": 2,
                    "Win": 2,
                    "Draw": 0,
                    "Lost": 0,
                    "ForThem": 7,
                    "A": 4,
                    "GD": 3,
                    "Pts": 6
                },
                {
                    "Name": "العذيب تحت 23 سنة",
                    "Logo": "https://sporent.net/public/images/1152440427.png",
                    "Play": 2,
                    "Win": 0,
                    "Draw": 1,
                    "Lost": 1,
                    "ForThem": 4,
                    "A": 5,
                    "GD": -1,
                    "Pts": 1
                },
                {
                    "Name": "الصخيرات تحت 23 سنة",
                    "Logo": "https://sporent.net/public/images/58524890.png",
                    "Play": 2,
                    "Win": 0,
                    "Draw": 1,
                    "Lost": 1,
                    "ForThem": 4,
                    "A": 6,
                    "GD": -2,
                    "Pts": 1
                }
            ]
        },
        {
            "Topic": "المجموعة (B)",
            "Type": "Group",
            "Teams": [
                {
                    "Name": "الاسكان تحت 23 سنة",
                    "Logo": "https://sporent.net/public/images/askan_logo.jpg",
                    "Play": 2,
                    "Win": 1,
                    "Draw": 1,
                    "Lost": 0,
                    "ForThem": 3,
                    "A": 2,
                    "GD": 1,
                    "Pts": 4
                },
                {
                    "Name": "المحاش تحت 23 سنة",
                    "Logo": "https://sporent.net/public/images/966759703.png",
                    "Play": 2,
                    "Win": 1,
                    "Draw": 0,
                    "Lost": 1,
                    "ForThem": 2,
                    "A": 1,
                    "GD": 1,
                    "Pts": 3
                },
                {
                    "Name": "شباب النادي",
                    "Logo": "https://sporent.net/public/images/fc_logo_3.png",
                    "Play": 2,
                    "Win": 0,
                    "Draw": 1,
                    "Lost": 1,
                    "ForThem": 2,
                    "A": 4,
                    "GD": -2,
                    "Pts": 1
                }
            ]
        },
        {
            "Topic": "الدور النصف النهائي",
            "Type": "Elimination",
            "Teams": [
                {
                    "MatchDate": "2024-02-11 04:00 PM",
                    "FirstTeam": {
                        "Name": "اكاديمية النادي",
                        "Logo": "https://sporent.net/public/images/1006481099.png",
                        "Gol": 2
                    },
                    "SecondTeam": {
                        "Name": "المحاش تحت 23 سنة",
                        "Logo": "https://sporent.net/public/images/966759703.png",
                        "Gol": 2
                    }
                },
                {
                    "MatchDate": "2024-03-11 04:00 PM",
                    "FirstTeam": {
                        "Name": "الاسكان تحت 23 سنة",
                        "Logo": "https://sporent.net/public/images/askan_logo.jpg",
                        "Gol": 1
                    },
                    "SecondTeam": {
                        "Name": "العذيب تحت 23 سنة",
                        "Logo": "https://sporent.net/public/images/1152440427.png",
                        "Gol": 0
                    }
                }
            ]
        },
        {
            "Topic": "المباراة النهائية",
            "Type": "Elimination",
            "Teams": [
                {
                    "MatchDate": "2024-03-09 03:10 PM",
                    "FirstTeam": {
                        "Name": "المحاش تحت 23 سنة",
                        "Logo": "https://sporent.net/public/images/966759703.png",
                        "Gol": 4
                    },
                    "SecondTeam": {
                        "Name": "الاسكان تحت 23 سنة",
                        "Logo": "https://sporent.net/public/images/askan_logo.jpg",
                        "Gol": 2
                    }
                }
            ]
        }
    ]
}
