{
    "Topic": "بطولة العلا الشتوية (2024)",
    "Teams": [
        {
            "Name": "المحاش تحت 23 سنة",
            "Logo": "https://sporent.net/public/images/966759703.png"
        },
        {
            "Name": "الصخيرات تحت 23 سنة",
            "Logo": "https://sporent.net/public/images/58524890.png"
        },
        {
            "Name": "الاسكان تحت 23 سنة",
            "Logo": "https://sporent.net/public/images/askan_logo.jpg"
        },
        {
            "Name": "اكاديمية النادي",
            "Logo": "https://sporent.net/public/images/1006481099.png"
        },
        {
            "Name": "العذيب تحت 23 سنة",
            "Logo": "https://sporent.net/public/images/1152440427.png"
        },
        {
            "Name": "شباب النادي",
            "Logo": "https://sporent.net/public/images/fc_logo_3.png"
        }
    ]
}
