[
    {
        "MatchDate": {
            "Month": "فبراير",
            "Day": "04",
            "Time": "03:40 م"
        },
        "FirstTeam": {
            "Name": "المحاش تحت 23 سنة",
            "Logo": "https://sporent.net/public/images/966759703.png",
            "Gol": 0
        },
        "SecondTeam": {
            "Name": "الاسكان تحت 23 سنة",
            "Logo": "https://sporent.net/public/images/askan_logo.jpg",
            "Gol": 1
        }
    },
    {
        "MatchDate": {
            "Month": "فبراير",
            "Day": "04",
            "Time": "04:30 م"
        },
        "FirstTeam": {
            "Name": "اكاديمية النادي",
            "Logo": "https://sporent.net/public/images/1006481099.png",
            "Gol": 3
        },
        "SecondTeam": {
            "Name": "العذيب تحت 23 سنة",
            "Logo": "https://sporent.net/public/images/1152440427.png",
            "Gol": 2
        }
    },
    {
        "MatchDate": {
            "Month": "فبراير",
            "Day": "06",
            "Time": "03:40 م"
        },
        "FirstTeam": {
            "Name": "اكاديمية النادي",
            "Logo": "https://sporent.net/public/images/1006481099.png",
            "Gol": 4
        },
        "SecondTeam": {
            "Name": "الصخيرات تحت 23 سنة",
            "Logo": "https://sporent.net/public/images/58524890.png",
            "Gol": 2
        }
    },
    {
        "MatchDate": {
            "Month": "فبراير",
            "Day": "07",
            "Time": "03:40 م"
        },
        "FirstTeam": {
            "Name": "المحاش تحت 23 سنة",
            "Logo": "https://sporent.net/public/images/966759703.png",
            "Gol": 2
        },
        "SecondTeam": {
            "Name": "شباب النادي",
            "Logo": "https://sporent.net/public/images/fc_logo_3.png",
            "Gol": 0
        }
    },
    {
        "MatchDate": {
            "Month": "فبراير",
            "Day": "08",
            "Time": "03:40 م"
        },
        "FirstTeam": {
            "Name": "الصخيرات تحت 23 سنة",
            "Logo": "https://sporent.net/public/images/58524890.png",
            "Gol": 2
        },
        "SecondTeam": {
            "Name": "العذيب تحت 23 سنة",
            "Logo": "https://sporent.net/public/images/1152440427.png",
            "Gol": 2
        }
    },
    {
        "MatchDate": {
            "Month": "فبراير",
            "Day": "09",
            "Time": "03:40 م"
        },
        "FirstTeam": {
            "Name": "الاسكان تحت 23 سنة",
            "Logo": "https://sporent.net/public/images/askan_logo.jpg",
            "Gol": 2
        },
        "SecondTeam": {
            "Name": "شباب النادي",
            "Logo": "https://sporent.net/public/images/fc_logo_3.png",
            "Gol": 2
        }
    },
    {
        "MatchDate": {
            "Month": "فبراير",
            "Day": "11",
            "Time": "04:00 م"
        },
        "FirstTeam": {
            "Name": "اكاديمية النادي",
            "Logo": "https://sporent.net/public/images/1006481099.png",
            "Gol": 2
        },
        "SecondTeam": {
            "Name": "المحاش تحت 23 سنة",
            "Logo": "https://sporent.net/public/images/966759703.png",
            "Gol": 2
        }
    }
]
