{
    "News": [
        {
            "Details": "بطولة العلا الشتوية: المحاش بطلا لبطولة العلا الشتوية بعد فوزه على الإسكان بركلات الترجيح 4-2"
        },
        {
            "Details": "بطولة العلا الشتوية: ثامر راشد يفوز بجائزة أفضل لاعب في البطولة"
        },
        {
            "Details": "بطولة العلا الشتوية: محترف فريق العذيب دانيال يحصد جائزة هداف البطولة."
        },
        {
            "Details": "بطولة العلا الشتوية: اللاعب مشعل بيحوه يفوز بلقب أفضل حارس في البطولة"
        }
    ]
}
